word,level
be,A1
do,A1
have,A2
the,A1
fifth,A1
first,A1
fourth,A1
second,A1
third,A1
a,A1
to,A1
seem,A2
used to,A2
need,B1
shall,A2
must,A1
have to,A1
ought,B1
should,A1
may,A2
cannot,A1
could,A1
might,A2
can,A1
will,A1
would,A1
all right,A2
ah,A2
attention,A2
bye,A1
dear,A2
goodbye,A1
hello,A1
hey,A1
hi,A1
no,A1
oh,A1
OK,A1
please,A1
sorry,A1
thanks,A1
welcome,A1
well,A1
wow,A2
yeah,A1
yes,A1
after,A2
although,A2
and,A1
as,A2
because,A1
before,A2
but,A1
except,B1
if,A1
nor,B1
now,B1
once,B1
or,A1
plus,B2
since,A2
so,A1
than,A1
that,A1
though,B1
till,B1
unless,B1
until,A1
when,A1
whenever,B1
where,A1
whereas,B2
wherever,B2
whether,B1
while,A2
yet,B2
billion,A2
eight,A1
eighteen,A1
eighty,A1
eleven,A1
fifteen,A1
fifty,A1
five,A1
forty,A1
four,A1
fourteen,A1
hundred,A1
million,A1
nine,A1
nineteen,A1
ninety,A1
one,A1
seven,A1
seventeen,A1
seventy,A1
six,A1
sixteen,A1
sixty,A1
ten,A1
thirteen,A1
thirty,A1
thousand,A1
three,A1
twelve,A1
twenty,A1
two,A1
zero,A2
all,A1
another,A1
any,A1
both,A1
double,A2
dozen,B2
each,A1
either,A2
enough,A1
every,A1
few,A1
first,A1
half,A1
her,A1
his,A1
its,A1
last,A1
least,A2
less,A2
little,A1
lot,A1
many,A1
more,A1
most,A1
much,A1
my,A1
neither,A2
no,A1
one,A1
our,A1
second,A1
several,A2
some,A1
such,A2
that,A1
their,A1
this,A1
what,A1
whatever,B1
which,A1
whose,A2
your,A1
next to,A1
according to,A2
about,A1
above,A1
across,A1
after,A1
against,A2
along,A2
among,A2
around,A1
as,A1
at,A1
before,A1
behind,A1
below,A1
between,A1
beyond,B2
but,B2
by,A1
despite,B1
down,A1
during,A1
except,A2
following,B2
for,A1
from,A1
in,A1
including,A2
inside,A2
into,A1
like,A1
near,A1
of,A1
off,A1
on,A1
onto,A2
opposite,A1
out,A1
outside,A2
over,A1
past,A1
per,A2
plus,B1
round,A2
since,A2
than,A1
through,A1
throughout,B1
till,B1
to,A1
towards,A2
under,A1
unlike,B1
until,A1
up,A1
upon,B1
via,B2
with,A1
within,B1
without,A1
no one,A1
all,A1
another,A1
any,A1
anybody,A2
anyone,A1
anything,A1
anywhere,A2
both,A1
double,A2
each,A1
either,A2
enough,A1
everybody,A1
everyone,A1
everything,A1
few,A1
half,A1
he,A1
her,A1
hers,A2
herself,A2
him,A1
himself,A2
his,A2
I,A1
it,A1
itself,A2
least,A2
less,A2
little,A1
lot,A1
many,A1
me,A1
mine,A2
more,A1
most,A1
much,A1
myself,A2
neither,A2
nobody,A1
none,A2
nothing,A1
one,A1
other,A1
ours,B1
ourselves,A2
own,A1
plenty,B1
same,A1
several,A2
she,A1
some,A1
somebody,A1
someone,A1
something,A1
somewhere,A2
such,A2
that,A1
theirs,B1
them,A1
themselves,A2
they,A1
this,A1
us,A1
we,A1
what,A1
whatever,B1
when,A1
which,A1
who,A1
whom,B2
whose,A2
you,A1
yours,A2
yourself,A1
abandon,B2
accept,A2
access,B1
accompany,B2
account,B2
accuse,B2
achieve,A2
acknowledge,B2
acquire,B2
act,A2
adapt,B2
add,A1
address,B2
admire,B1
admit,B1
adopt,B2
advance,B2
advertise,A2
advise,B1
affect,A2
afford,B1
age,B1
agree,A1
aid,B2
aim,B1
alarm,B2
allow,A2
alter,B2
amount,B2
analyse,B1
announce,B1
annoy,B1
answer,A1
apologize,B1
appeal,B2
appear,A2
apply,A2
appreciate,B1
approach,B2
approve,B2
argue,A2
arise,B2
arrange,A2
arrest,B1
arrive,A1
ask,A1
assess,B2
assist,B1
associate,B2
assume,B2
attach,B1
attack,A2
attempt,B2
attend,A2
attract,B1
average,B1
avoid,A2
award,B1
back,B2
bake,B1
balance,B1
ban,B1
bar,B2
base,B1
battle,B2
be,A1
bear,B2
beat,A2
become,A1
beg,B2
begin,A1
behave,A2
believe,A1
belong,A2
bend,B1
benefit,B1
bet,B2
bill,B2
bite,B1
blame,B2
block,B1
blow,A2
board,B1
boil,A2
bomb,B1
book,A2
border,B2
born,A1
borrow,A2
bother,B1
brand,B1
break,A1
breathe,B1
bring,A1
broadcast,B2
brush,A2
build,A1
burn,A2
bury,B1
buy,A1
calculate,B2
call,A1
calm,B1
camp,A2
campaign,B1
cancel,B2
capture,B2
care,A2
carry,A1
cast,B2
catch,A2
cause,A2
celebrate,A2
centre,B1
chain,B2
chair,B2
challenge,B2
change,A1
charge,B1
chart,B2
chat,A2
cheat,B1
check,A1
choose,A1
circle,A2
cite,B2
claim,B1
clean,A1
clear,B1
click,B1
climb,A1
close,A1
coach,B1
collapse,B2
collect,A2
combine,B1
come,A1
comfort,B2
command,B2
comment,B1
commission,B2
commit,B1
communicate,A2
compare,A1
compete,A2
complain,A2
complete,A1
concentrate,B1
concern,B2
conclude,B1
conduct,B2
confirm,B1
conflict,B2
confuse,B1
connect,A2
consider,A2
consist,B1
construct,B2
consume,B1
contact,B1
contain,A2
contest,B2
continue,A2
contract,B2
contrast,B1
contribute,B2
control,A2
convert,B2
convince,B1
cook,A1
cool,B1
copy,A2
correct,A1
cost,A1
count,A2
cover,A2
crash,B2
create,A1
credit,B2
criticize,B2
cross,A2
cry,A2
cure,B2
curve,B2
cut,A1
cycle,A2
damage,B1
dance,A1
date,B2
deal,A2
debate,B2
decide,A1
declare,B2
decline,B2
decorate,B1
decrease,B2
defeat,B2
defend,B2
define,B1
delay,B2
delight,B2
deliver,B1
demand,B2
demonstrate,B2
deny,B2
depend,A2
describe,A1
desert,B2
deserve,B2
design,A1
desire,B2
destroy,A2
detail,B2
detect,B2
determine,B1
develop,A2
die,A1
dig,B2
direct,B1
disagree,A2
disappear,A2
discount,B2
discover,A2
discuss,A1
dislike,B1
dismiss,B2
display,B2
distribute,B2
divide,B1
do,A1
document,B2
dominate,B2
donate,B1
double,A2
doubt,B1
download,A2
draft,B2
drag,B2
draw,A1
dream,A2
dress,A1
drink,A1
drive,A1
drop,A2
dry,A2
earn,A2
eat,A1
edit,B2
educate,B1
elect,B2
email,A1
emerge,B2
emphasize,B2
employ,A2
empty,B1
enable,B2
encounter,B2
encourage,B1
end,A1
engage,B2
enhance,B2
enjoy,A1
ensure,B2
enter,A2
entertain,B1
equal,B1
escape,B1
establish,B2
estimate,B2
evaluate,B2
examine,B1
exchange,B1
excuse,B2
exercise,A1
exist,A2
expand,B1
expect,A2
experience,B1
experiment,B1
explain,A1
explode,B1
explore,B1
export,B1
expose,B2
express,A2
extend,B2
face,B1
fail,A2
fall,A1
fancy,B1
farm,A2
fasten,B1
favour,B2
fear,B1
feature,B1
feed,A2
feel,A1
fight,A2
figure,B2
file,B2
fill,A1
film,A2
finance,B2
find,A1
finish,A1
fire,B1
fish,A2
fit,A2
fix,A2
flash,B2
float,B2
flood,B1
flow,B1
fly,A1
focus,A2
fold,B1
follow,A1
force,B1
forget,A1
forgive,B2
form,A1
found,B2
frame,B1
free,B2
freeze,B1
frighten,B1
fry,B1
fuel,B2
function,B2
fund,B2
gain,B2
gather,B1
generate,B2
get,A1
give,A1
go,A1
govern,B2
grab,B2
grade,B2
graduate,B1
grant,B2
greet,A2
grow,A1
guarantee,B2
guard,B1
guess,A1
guide,A2
hand,B1
handle,B2
hang,B1
happen,A1
harm,B2
hate,A1
have,A1
head,B1
hear,A1
heat,A2
help,A1
hesitate,B2
hide,A2
highlight,B1
hire,B1
hit,A2
hold,A2
honour,B2
hope,A1
host,B2
house,B2
hunt,B1
hurry,B1
hurt,A2
identify,A2
ignore,B1
illustrate,B2
imagine,A1
impact,B1
imply,B2
import,B1
impose,B2
impress,B2
improve,A1
include,A1
increase,A2
indicate,B1
influence,B1
inform,B2
injure,B1
insist,B2
inspire,B2
install,B2
intend,B1
interest,A1
interpret,B2
interrupt,B2
interview,A1
introduce,A1
invent,A2
invest,B1
investigate,B1
invite,A2
involve,A2
iron,B1
issue,B2
join,A1
joke,A2
judge,B1
jump,A2
justify,B2
keep,A1
key,B1
kick,B1
kill,A2
kiss,B1
knock,A2
know,A1
label,B1
lack,B1
land,A2
last,A2
laugh,A1
launch,B2
lay,B1
lead,A2
lean,B2
learn,A1
leave,A1
lecture,A2
lend,A2
let,A1
level,B2
lie,A1
lie,B1
lift,A2
light,A2
like,A1
limit,B1
line,B2
link,A2
list,A1
listen,A1
live,A1
load,B2
locate,B1
lock,A2
look,A1
lose,A1
love,A1
lower,B2
mail,A2
maintain,B2
make,A1
manage,A2
map,B2
mark,A2
market,B1
marry,A2
master,B2
match,A1
matter,A2
mean,A1
measure,B1
meet,A1
melt,B2
mention,A2
mind,A2
miss,A1
mistake,B2
mix,B1
model,B2
modify,B2
monitor,B2
mount,B2
move,A1
multiply,B2
murder,B1
name,A1
narrow,B2
need,A1
note,B1
notice,A2
number,A2
obey,B2
object,B2
observe,B2
obtain,B2
occur,B1
offend,B2
offer,A2
open,A1
operate,B2
oppose,B2
order,A1
organize,A2
outline,B2
owe,B2
own,A2
pace,B2
pack,A2
package,B2
paint,A1
park,A1
participate,B1
pass,A2
pay,A1
perform,A2
permit,B2
persuade,B1
phone,A1
photograph,A2
pick,A2
picture,B2
pile,B2
pin,B1
place,B1
plan,A1
plant,A2
play,A1
please,A2
plot,B2
point,B1
poison,B1
pose,B2
position,B2
possess,B2
post,A1
pour,B1
power,B2
practise,A1
praise,B2
pray,B1
predict,A2
prefer,A1
prepare,A1
present,A2
preserve,B2
press,B1
pretend,B1
prevent,A2
price,B2
print,A2
process,B2
produce,A2
program,B1
progress,B2
project,B2
promise,A2
promote,B1
pronounce,A2
propose,B2
protect,A2
protest,B1
prove,B1
provide,A2
publish,A2
pull,A2
punish,B1
purchase,B2
pursue,B2
push,A2
put,A1
qualify,B1
question,A2
queue,B1
quit,B1
quote,B1
race,A2
rain,A1
raise,A2
range,B2
rank,B2
rate,B2
reach,A2
react,A2
read,A1
realize,A2
recall,B2
receive,A2
recognize,A2
recommend,A2
record,A2
recover,B2
recycle,A2
reduce,A2
refer,A2
reflect,B1
refuse,A2
regard,B2
register,B2
regret,B2
reject,B1
relate,B1
relax,A1
release,B1
rely,B2
remain,B1
remark,B2
remember,A1
remind,B1
remove,A2
rent,B1
repair,A2
repeat,A1
replace,A2
reply,A2
report,A2
represent,B1
request,B1
require,B1
rescue,B2
research,A2
reserve,B2
resist,B2
resolve,B2
respect,B1
respond,A2
rest,A2
result,B1
retain,B2
retire,B1
return,A1
reveal,B2
review,A2
revise,B1
reward,B2
rid,B2
ride,A1
ring,A2
rise,A2
risk,B1
roll,B1
rub,B2
rule,B1
run,A1
rush,B2
sail,A2
sample,B2
satisfy,B2
save,A2
say,A1
scan,B1
schedule,B2
score,A2
scream,B2
screen,B2
search,A2
seat,B2
secure,B2
see,A1
seek,B2
select,B2
sell,A1
send,A1
sense,B2
sentence,B2
separate,B1
serve,A2
set,B1
settle,B2
shake,A2
shape,B2
share,A1
shelter,B2
shift,B2
shine,B1
ship,B2
shock,B2
shoot,B1
shop,A1
shout,A2
show,A1
shut,A2
sign,A2
signal,B1
sing,A1
sink,B1
sit,A1
ski,A2
sleep,A1
slice,B1
slide,B2
slip,B2
slope,B2
slow,B1
smell,A2
smile,A2
smoke,A2
snow,A1
solve,A2
sort,B1
sound,A1
speak,A1
speed,B2
spell,A1
spend,A1
split,B2
sponsor,B2
spot,B2
spread,B1
spring,B2
stage,B2
stand,A1
star,A2
stare,B2
start,A1
state,B1
stay,A1
steal,A2
step,B2
stick,B1
stop,A1
store,B1
stress,A2
stretch,B2
strike,B2
structure,B2
struggle,B2
study,A1
stuff,B2
submit,B2
succeed,A2
suffer,B1
suggest,A2
suit,B1
sum,B2
summarize,B1
supply,B1
support,A2
suppose,A2
surprise,A2
surround,B2
survey,B2
survive,B1
suspect,B2
swear,B2
sweep,B2
swim,A1
switch,B1
take,A1
talk,A1
target,B2
taste,A2
tax,B1
teach,A1
tear,B2
telephone,A1
tell,A1
tend,B1
term,B2
test,A1
text,A2
thank,A1
think,A1
threaten,B2
throw,A2
tidy,A2
tie,A2
time,B2
tip,B1
title,B2
touch,A2
tour,B1
track,B2
trade,B1
train,A2
transfer,B2
transform,B2
translate,B1
transport,B1
travel,A1
treat,B1
trick,B1
trip,B2
trouble,B2
trust,B2
try,A1
turn,A1
type,B1
understand,A1
update,B1
upset,B1
urge,B2
use,A1
value,B2
vary,B2
view,B1
visit,A1
volunteer,B1
vote,B1
wait,A1
wake,A1
walk,A1
want,A1
warm,B1
warn,B1
wash,A1
waste,B1
watch,A1
water,B1
wave,B1
wear,A1
weigh,B1
welcome,A1
whisper,B2
win,A1
wind,B2
wish,A2
witness,B2
wonder,B1
work,A1
worry,A2
wound,B2
wrap,B2
write,A1
icecream,A1
action,A1
activity,A1
actor,A1
actress,A1
address,A1
adult,A1
advice,A1
afternoon,A1
age,A1
air,A1
airport,A1
animal,A1
answer,A1
apartment,A1
apple,A1
April,A1
area,A1
arm,A1
art,A1
article,A1
artist,A1
August,A1
aunt,A1
autumn,A1
baby,A1
back,A1
bag,A1
ball,A1
banana,A1
band,A1
bank,A1
bath,A1
bathroom,A1
beach,A1
bed,A1
bedroom,A1
beer,A1
beginning,A1
bicycle,A1
bike,A1
bill,A1
bird,A1
birthday,A1
black,A1
blog,A1
blue,A1
boat,A1
body,A1
book,A1
boot,A1
bottle,A1
box,A1
boy,A1
boyfriend,A1
bread,A1
break,A1
breakfast,A1
brother,A1
brown,A1
building,A1
bus,A1
business,A1
butter,A1
cafe,A1
cake,A1
call,A1
camera,A1
capital,A1
car,A1
card,A1
career,A1
carrot,A1
cat,A1
CD,A1
cent,A1
centre,A1
century,A1
chair,A1
change,A1
chart,A1
cheese,A1
chicken,A1
child,A1
chocolate,A1
cinema,A1
city,A1
class,A1
classroom,A1
clock,A1
clothes,A1
club,A1
coat,A1
coffee,A1
cold,A1
college,A1
colour,A1
company,A1
computer,A1
concert,A1
conversation,A1
cooking,A1
cost,A1
country,A1
course,A1
cousin,A1
cow,A1
cream,A1
culture,A1
cup,A1
customer,A1
dad,A1
dance,A1
dancer,A1
dancing,A1
date,A1
daughter,A1
day,A1
December,A1
description,A1
design,A1
desk,A1
detail,A1
dialogue,A1
dictionary,A1
diet,A1
difference,A1
dinner,A1
dish,A1
doctor,A1
dog,A1
dollar,A1
door,A1
dress,A1
drink,A1
driver,A1
DVD,A1
ear,A1
east,A1
egg,A1
elephant,A1
email,A1
end,A1
euro,A1
evening,A1
event,A1
exam,A1
example,A1
exercise,A1
eye,A1
face,A1
fact,A1
family,A1
farm,A1
farmer,A1
father,A1
favourite,A1
February,A1
feeling,A1
festival,A1
film,A1
fire,A1
fish,A1
flat,A1
flight,A1
floor,A1
flower,A1
food,A1
foot,A1
football,A1
form,A1
Friday,A1
friend,A1
front,A1
fruit,A1
fun,A1
future,A1
game,A1
garden,A1
geography,A1
girl,A1
girlfriend,A1
glass,A1
goodbye,A1
grandfather,A1
grandmother,A1
grandparent,A1
green,A1
grey,A1
group,A1
guess,A1
guitar,A1
gym,A1
hair,A1
half,A1
hand,A1
hat,A1
head,A1
health,A1
hello,A1
help,A1
history,A1
hobby,A1
holiday,A1
home,A1
homework,A1
horse,A1
hospital,A1
hotel,A1
hour,A1
house,A1
husband,A1
ice,A1
idea,A1
information,A1
interest,A1
internet,A1
interview,A1
island,A1
jacket,A1
January,A1
jeans,A1
job,A1
journey,A1
juice,A1
July,A1
June,A1
key,A1
kilometre,A1
kind,A1
kitchen,A1
land,A1
language,A1
laugh,A1
left,A1
leg,A1
lesson,A1
letter,A1
library,A1
life,A1
light,A1
line,A1
lion,A1
list,A1
love,A1
lunch,A1
machine,A1
magazine,A1
man,A1
map,A1
March,A1
market,A1
match,A1
May,A1
meal,A1
meaning,A1
meat,A1
meeting,A1
member,A1
menu,A1
message,A1
metre,A1
midnight,A1
mile,A1
milk,A1
minute,A1
mistake,A1
model,A1
moment,A1
Monday,A1
money,A1
month,A1
morning,A1
mother,A1
mountain,A1
mouse,A1
mouth,A1
movie,A1
mum,A1
museum,A1
music,A1
name,A1
neighbour,A1
news,A1
newspaper,A1
night,A1
north,A1
nose,A1
note,A1
November,A1
number,A1
nurse,A1
object,A1
October,A1
office,A1
onion,A1
opinion,A1
opposite,A1
orange,A1
order,A1
page,A1
paint,A1
painting,A1
pair,A1
paper,A1
paragraph,A1
parent,A1
park,A1
part,A1
partner,A1
party,A1
passport,A1
past,A1
pen,A1
pencil,A1
people,A1
pepper,A1
period,A1
person,A1
phone,A1
photo,A1
photograph,A1
phrase,A1
piano,A1
picture,A1
piece,A1
pig,A1
pink,A1
place,A1
plan,A1
plane,A1
plant,A1
play,A1
player,A1
point,A1
police,A1
policeman,A1
pool,A1
post,A1
potato,A1
pound,A1
practice,A1
present,A1
price,A1
problem,A1
product,A1
programme,A1
project,A1
purple,A1
quarter,A1
question,A1
radio,A1
rain,A1
reader,A1
reading,A1
reason,A1
red,A1
report,A1
restaurant,A1
result,A1
return,A1
rice,A1
right,A1
river,A1
road,A1
room,A1
routine,A1
rule,A1
salad,A1
salt,A1
sandwich,A1
Saturday,A1
school,A1
science,A1
scientist,A1
sea,A1
second,A1
section,A1
sentence,A1
September,A1
sheep,A1
shirt,A1
shoe,A1
shop,A1
shopping,A1
show,A1
shower,A1
singer,A1
sister,A1
situation,A1
skill,A1
skirt,A1
snake,A1
snow,A1
son,A1
song,A1
sound,A1
soup,A1
south,A1
space,A1
spelling,A1
sport,A1
spring,A1
star,A1
statement,A1
station,A1
stop,A1
story,A1
street,A1
student,A1
study,A1
style,A1
subject,A1
success,A1
sugar,A1
summer,A1
sun,A1
Sunday,A1
supermarket,A1
sweater,A1
swimming,A1
T-shirt,A1
table,A1
taxi,A1
tea,A1
teacher,A1
team,A1
teenager,A1
telephone,A1
television,A1
tennis,A1
test,A1
text,A1
thanks,A1
theatre,A1
thing,A1
Thursday,A1
ticket,A1
time,A1
title,A1
today,A1
toilet,A1
tomato,A1
tomorrow,A1
tonight,A1
tooth,A1
topic,A1
tourist,A1
town,A1
traffic,A1
train,A1
travel,A1
tree,A1
trip,A1
trousers,A1
Tuesday,A1
turn,A1
TV,A1
type,A1
umbrella,A1
uncle,A1
university,A1
vacation,A1
vegetable,A1
video,A1
village,A1
visit,A1
visitor,A1
waiter,A1
walk,A1
wall,A1
watch,A1
water,A1
way,A1
weather,A1
website,A1
Wednesday,A1
week,A1
weekend,A1
west,A1
white,A1
wife,A1
window,A1
wine,A1
winter,A1
woman,A1
word,A1
work,A1
worker,A1
world,A1
writer,A1
writing,A1
year,A1
yellow,A1
yesterday,A1
percent,A2
ability,A2
accident,A2
advantage,A2
adventure,A2
advertisement,A2
advertising,A2
airline,A2
alternative,A2
amount,A2
ankle,A2
app,A2
appearance,A2
architect,A2
architecture,A2
argument,A2
army,A2
arrangement,A2
assistant,A2
athlete,A2
attack,A2
attention,A2
audience,A2
author,A2
average,A2
award,A2
background,A2
bar,A2
baseball,A2
basketball,A2
bean,A2
bear,A2
beef,A2
behaviour,A2
belt,A2
benefit,A2
best,A2
bin,A2
biology,A2
birth,A2
biscuit,A2
bit,A2
blank,A2
blood,A2
board,A2
bone,A2
boss,A2
bottom,A2
bowl,A2
brain,A2
bridge,A2
brush,A2
businessman,A2
button,A2
camp,A2
camping,A2
can,A2
care,A2
carpet,A2
cartoon,A2
case,A2
cash,A2
castle,A2
cause,A2
celebrity,A2
chance,A2
character,A2
charity,A2
chat,A2
check,A2
chef,A2
chemistry,A2
chip,A2
choice,A2
church,A2
cigarette,A2
circle,A2
climate,A2
clothing,A2
cloud,A2
coach,A2
coast,A2
code,A2
colleague,A2
column,A2
comedy,A2
comment,A2
community,A2
competition,A2
condition,A2
conference,A2
context,A2
continent,A2
control,A2
cook,A2
cooker,A2
copy,A2
corner,A2
couple,A2
credit,A2
crime,A2
criminal,A2
cross,A2
crowd,A2
cupboard,A2
cycle,A2
danger,A2
dark,A2
data,A2
death,A2
decision,A2
degree,A2
dentist,A2
department,A2
desert,A2
designer,A2
detective,A2
device,A2
diary,A2
direction,A2
director,A2
disaster,A2
discovery,A2
discussion,A2
disease,A2
distance,A2
document,A2
download,A2
drama,A2
drawing,A2
dream,A2
drive,A2
driving,A2
drug,A2
earth,A2
education,A2
effect,A2
electricity,A2
employee,A2
employer,A2
ending,A2
energy,A2
engine,A2
engineer,A2
environment,A2
equipment,A2
error,A2
essay,A2
evidence,A2
experience,A2
experiment,A2
expert,A2
explanation,A2
expression,A2
factor,A2
factory,A2
fall,A2
fan,A2
farming,A2
fashion,A2
fat,A2
fear,A2
feature,A2
female,A2
fiction,A2
field,A2
fight,A2
figure,A2
final,A2
finger,A2
finish,A2
first,A2
fishing,A2
flu,A2
fly,A2
flying,A2
focus,A2
forest,A2
fork,A2
fridge,A2
frog,A2
furniture,A2
gallery,A2
gap,A2
gas,A2
gate,A2
gift,A2
goal,A2
god,A2
gold,A2
golf,A2
good,A2
government,A2
grass,A2
ground,A2
guest,A2
guide,A2
gun,A2
guy,A2
habit,A2
hall,A2
headache,A2
heart,A2
heat,A2
height,A2
hero,A2
hill,A2
hit,A2
hockey,A2
hole,A2
hope,A2
human,A2
illness,A2
image,A2
increase,A2
individual,A2
industry,A2
injury,A2
insect,A2
inside,A2
instruction,A2
instructor,A2
instrument,A2
introduction,A2
invention,A2
invitation,A2
item,A2
jam,A2
jazz,A2
jewellery,A2
joke,A2
journalist,A2
jump,A2
kid,A2
king,A2
knee,A2
knife,A2
knowledge,A2
lab,A2
lady,A2
lake,A2
lamp,A2
laptop,A2
last,A2
laughter,A2
law,A2
lawyer,A2
leader,A2
learning,A2
lecture,A2
lemon,A2
level,A2
lifestyle,A2
lift,A2
link,A2
listener,A2
lock,A2
look,A2
lorry,A2
luck,A2
mail,A2
male,A2
manager,A2
manner,A2
mark,A2
material,A2
mathematics,A2
maths,A2
matter,A2
media,A2
medicine,A2
memory,A2
metal,A2
method,A2
middle,A2
mind,A2
mirror,A2
mobile,A2
monkey,A2
moon,A2
motorcycle,A2
movement,A2
musician,A2
nature,A2
neck,A2
need,A2
network,A2
noise,A2
notice,A2
novel,A2
nut,A2
ocean,A2
offer,A2
officer,A2
oil,A2
opportunity,A2
option,A2
organization,A2
outside,A2
oven,A2
owner,A2
pain,A2
painter,A2
palace,A2
pants,A2
parking,A2
passenger,A2
patient,A2
pattern,A2
pay,A2
peace,A2
penny,A2
permission,A2
personality,A2
pet,A2
petrol,A2
physics,A2
pilot,A2
planet,A2
plastic,A2
plate,A2
platform,A2
pocket,A2
pollution,A2
pop,A2
population,A2
position,A2
possession,A2
possibility,A2
poster,A2
power,A2
president,A2
printer,A2
prison,A2
prize,A2
process,A2
professor,A2
profile,A2
program,A2
progress,A2
promise,A2
pub,A2
public,A2
purpose,A2
quality,A2
quantity,A2
queen,A2
race,A2
railway,A2
rate,A2
reception,A2
recipe,A2
record,A2
recording,A2
region,A2
relationship,A2
reply,A2
reporter,A2
request,A2
research,A2
researcher,A2
response,A2
rest,A2
review,A2
ride,A2
ring,A2
rock,A2
role,A2
roof,A2
route,A2
rubbish,A2
run,A2
runner,A2
running,A2
sailing,A2
salary,A2
sale,A2
sauce,A2
scene,A2
schedule,A2
score,A2
screen,A2
search,A2
season,A2
seat,A2
secret,A2
secretary,A2
sense,A2
series,A2
service,A2
shape,A2
sheet,A2
ship,A2
shoulder,A2
shout,A2
side,A2
sign,A2
silver,A2
singing,A2
single,A2
sir,A2
site,A2
size,A2
ski,A2
skiing,A2
skin,A2
sky,A2
sleep,A2
smartphone,A2
smell,A2
smile,A2
smoke,A2
smoking,A2
soap,A2
soccer,A2
society,A2
sock,A2
soldier,A2
solution,A2
sort,A2
source,A2
speaker,A2
speech,A2
speed,A2
spider,A2
spoon,A2
square,A2
stage,A2
stair,A2
stamp,A2
start,A2
state,A2
stay,A2
step,A2
stomach,A2
stone,A2
store,A2
storm,A2
strategy,A2
stress,A2
structure,A2
suggestion,A2
suit,A2
support,A2
surprise,A2
survey,A2
sweet,A2
symbol,A2
system,A2
tablet,A2
talk,A2
target,A2
task,A2
taste,A2
teaching,A2
technology,A2
temperature,A2
term,A2
thief,A2
thinking,A2
third,A2
thought,A2
tie,A2
tip,A2
tool,A2
top,A2
tour,A2
tourism,A2
towel,A2
tower,A2
toy,A2
track,A2
tradition,A2
trainer,A2
training,A2
transport,A2
traveller,A2
trouble,A2
truck,A2
twin,A2
understanding,A2
uniform,A2
unit,A2
use,A2
user,A2
valley,A2
van,A2
variety,A2
vehicle,A2
view,A2
virus,A2
voice,A2
wait,A2
war,A2
wash,A2
washing,A2
wave,A2
web,A2
wedding,A2
weight,A2
welcome,A2
wheel,A2
wind,A2
winner,A2
wish,A2
wood,A2
access,B1
accommodation,B1
account,B1
achievement,B1
act,B1
ad,B1
addition,B1
agent,B1
agreement,B1
aim,B1
alarm,B1
album,B1
alcohol,B1
ambition,B1
analysis,B1
announcement,B1
application,B1
appointment,B1
arrest,B1
arrival,B1
assignment,B1
atmosphere,B1
attitude,B1
attraction,B1
authority,B1
balance,B1
ban,B1
base,B1
basis,B1
battery,B1
battle,B1
beauty,B1
bee,B1
belief,B1
bell,B1
bend,B1
better,B1
bite,B1
block,B1
bomb,B1
border,B1
branch,B1
brand,B1
breath,B1
breathing,B1
bride,B1
bubble,B1
calm,B1
campaign,B1
campus,B1
candidate,B1
cap,B1
captain,B1
category,B1
ceiling,B1
celebration,B1
ceremony,B1
chain,B1
challenge,B1
champion,B1
channel,B1
chapter,B1
charge,B1
cheat,B1
chemical,B1
chest,B1
childhood,B1
claim,B1
clause,B1
click,B1
client,B1
climb,B1
cloth,B1
clue,B1
coal,B1
coin,B1
collection,B1
commercial,B1
communication,B1
comparison,B1
competitor,B1
complaint,B1
conclusion,B1
connection,B1
consequence,B1
consumer,B1
contact,B1
container,B1
content,B1
contrast,B1
costume,B1
cottage,B1
cotton,B1
count,B1
countryside,B1
court,B1
cover,B1
currency,B1
curtain,B1
custom,B1
cut,B1
damage,B1
deal,B1
decade,B1
definition,B1
departure,B1
destination,B1
development,B1
diagram,B1
diamond,B1
difficulty,B1
dirt,B1
disadvantage,B1
discount,B1
dislike,B1
documentary,B1
doubt,B1
drop,B1
drum,B1
dust,B1
duty,B1
earthquake,B1
economy,B1
edge,B1
editor,B1
effort,B1
election,B1
element,B1
emergency,B1
emotion,B1
employment,B1
enemy,B1
engineering,B1
entertainment,B1
entrance,B1
entry,B1
episode,B1
escape,B1
exchange,B1
excitement,B1
exhibition,B1
expedition,B1
explosion,B1
export,B1
extra,B1
favour,B1
fence,B1
fighting,B1
file,B1
fitness,B1
flag,B1
flood,B1
flour,B1
flow,B1
folk,B1
following,B1
force,B1
frame,B1
friendship,B1
fuel,B1
function,B1
fur,B1
garage,B1
generation,B1
gentleman,B1
ghost,B1
giant,B1
glove,B1
go,B1
goods,B1
grade,B1
graduate,B1
grain,B1
growth,B1
guard,B1
happiness,B1
hate,B1
headline,B1
heating,B1
helicopter,B1
highlight,B1
horror,B1
host,B1
hurricane,B1
hurry,B1
identity,B1
immigrant,B1
impact,B1
import,B1
importance,B1
impression,B1
improvement,B1
influence,B1
ingredient,B1
intelligence,B1
intention,B1
iron,B1
issue,B1
IT,B1
journal,B1
judge,B1
keyboard,B1
kick,B1
killing,B1
kiss,B1
knock,B1
label,B1
laboratory,B1
lack,B1
layer,B1
lead,B1
leaf,B1
leather,B1
leisure,B1
length,B1
lie,B1
like,B1
limit,B1
lip,B1
liquid,B1
literature,B1
living,B1
local,B1
location,B1
loss,B1
luxury,B1
magic,B1
mall,B1
management,B1
marketing,B1
marriage,B1
measure,B1
mention,B1
mess,B1
mine,B1
mix,B1
mixture,B1
mood,B1
move,B1
mud,B1
murder,B1
muscle,B1
musical,B1
mystery,B1
nail,B1
narrative,B1
nation,B1
native,B1
needle,B1
neighbourhood,B1
net,B1
next,B1
normal,B1
occasion,B1
operation,B1
organizer,B1
original,B1
pack,B1
package,B1
pan,B1
pass,B1
passion,B1
path,B1
payment,B1
percentage,B1
performance,B1
photographer,B1
photography,B1
pin,B1
pipe,B1
planning,B1
pleasure,B1
plot,B1
poem,B1
poet,B1
poetry,B1
poison,B1
policy,B1
politician,B1
politics,B1
port,B1
portrait,B1
pot,B1
poverty,B1
powder,B1
prayer,B1
prediction,B1
presentation,B1
press,B1
pressure,B1
priest,B1
prince,B1
princess,B1
printing,B1
prisoner,B1
producer,B1
production,B1
profession,B1
profit,B1
property,B1
protest,B1
pull,B1
punishment,B1
push,B1
qualification,B1
queue,B1
quotation,B1
quote,B1
racing,B1
range,B1
reaction,B1
reality,B1
receipt,B1
recommendation,B1
reference,B1
relation,B1
relative,B1
release,B1
religion,B1
rent,B1
repair,B1
repeat,B1
reservation,B1
resource,B1
respect,B1
responsibility,B1
rise,B1
risk,B1
robot,B1
roll,B1
rope,B1
row,B1
rugby,B1
safety,B1
sail,B1
sailor,B1
sample,B1
sand,B1
script,B1
sculpture,B1
security,B1
seed,B1
servant,B1
set,B1
setting,B1
sex,B1
shake,B1
share,B1
shelf,B1
shell,B1
shift,B1
sight,B1
signal,B1
similarity,B1
slice,B1
software,B1
soil,B1
solid,B1
spending,B1
spirit,B1
spot,B1
stadium,B1
staff,B1
standard,B1
statistic,B1
statue,B1
stick,B1
stranger,B1
strength,B1
string,B1
studio,B1
stuff,B1
substance,B1
summary,B1
supply,B1
supporter,B1
surface,B1
swim,B1
symptom,B1
tail,B1
talent,B1
tape,B1
tax,B1
technique,B1
tent,B1
theme,B1
theory,B1
throat,B1
tin,B1
toe,B1
tongue,B1
total,B1
touch,B1
trade,B1
translation,B1
treatment,B1
trend,B1
trick,B1
truth,B1
tube,B1
tyre,B1
underwear,B1
unemployment,B1
union,B1
update,B1
value,B1
version,B1
victim,B1
viewer,B1
volunteer,B1
vote,B1
warning,B1
waste,B1
weapon,B1
while,B1
whole,B1
will,B1
win,B1
wing,B1
wonder,B1
wool,B1
worry,B1
yard,B1
young,B1
youth,B1
academic,B2
administration,B2
advance,B2
affair,B2
agency,B2
agenda,B2
aid,B2
aircraft,B2
anger,B2
angle,B2
anniversary,B2
appeal,B2
approach,B2
approval,B2
arms,B2
aspect,B2
assessment,B2
association,B2
attempt,B2
bacteria,B2
barrier,B2
beat,B2
being,B2
bet,B2
blame,B2
bond,B2
breast,B2
broadcast,B2
budget,B2
bullet,B2
bunch,B2
burn,B2
bush,B2
cable,B2
cancer,B2
capacity,B2
capture,B2
cast,B2
catch,B2
cell,B2
chairman,B2
characteristic,B2
chief,B2
circumstance,B2
citizen,B2
classic,B2
close,B2
collapse,B2
combination,B2
comfort,B2
command,B2
commission,B2
commitment,B2
committee,B2
complex,B2
component,B2
concentration,B2
concept,B2
concern,B2
conduct,B2
confidence,B2
conflict,B2
conservative,B2
consideration,B2
construction,B2
contest,B2
contract,B2
contribution,B2
core,B2
council,B2
county,B2
courage,B2
crash,B2
creation,B2
creature,B2
crew,B2
crisis,B2
criterion,B2
critic,B2
criticism,B2
crop,B2
cry,B2
cure,B2
current,B2
curve,B2
debate,B2
debt,B2
decline,B2
decoration,B2
decrease,B2
defeat,B2
defence,B2
delay,B2
delight,B2
delivery,B2
demand,B2
depth,B2
desire,B2
disc,B2
discipline,B2
disk,B2
display,B2
distribution,B2
district,B2
divide,B2
division,B2
dozen,B2
draft,B2
edition,B2
emphasis,B2
encounter,B2
enquiry,B2
enthusiasm,B2
equal,B2
estate,B2
estimate,B2
evil,B2
examination,B2
excuse,B2
executive,B2
existence,B2
expectation,B2
expense,B2
exploration,B2
extent,B2
extreme,B2
facility,B2
failure,B2
faith,B2
fault,B2
feather,B2
fee,B2
feed,B2
feedback,B2
feel,B2
finance,B2
finding,B2
firm,B2
fix,B2
flame,B2
flash,B2
fold,B2
fortune,B2
freedom,B2
frequency,B2
fund,B2
funding,B2
gain,B2
gang,B2
genre,B2
grant,B2
guarantee,B2
handle,B2
harm,B2
hearing,B2
heaven,B2
heel,B2
hell,B2
high,B2
hire,B2
hold,B2
honour,B2
household,B2
housing,B2
humour,B2
hunt,B2
hunting,B2
hurt,B2
ideal,B2
illustration,B2
imagination,B2
inch,B2
incident,B2
income,B2
infection,B2
initiative,B2
inquiry,B2
insight,B2
instance,B2
institute,B2
institution,B2
insurance,B2
investigation,B2
investment,B2
joy,B2
judgement,B2
justice,B2
labour,B2
landscape,B2
latest,B2
launch,B2
leadership,B2
league,B2
leave,B2
licence,B2
load,B2
loan,B2
lord,B2
low,B2
lung,B2
majority,B2
make,B2
mass,B2
master,B2
maximum,B2
means,B2
measurement,B2
medium,B2
military,B2
mineral,B2
minimum,B2
minister,B2
minority,B2
mission,B2
monitor,B2
moral,B2
motor,B2
national,B2
negative,B2
nerve,B2
nightmare,B2
notion,B2
objective,B2
obligation,B2
observation,B2
offence,B2
official,B2
opening,B2
opponent,B2
opposition,B2
organ,B2
origin,B2
outcome,B2
outline,B2
pace,B2
panel,B2
parliament,B2
participant,B2
passage,B2
pension,B2
permit,B2
perspective,B2
phase,B2
phenomenon,B2
philosophy,B2
pick,B2
pile,B2
pitch,B2
plus,B2
popularity,B2
positive,B2
potential,B2
praise,B2
preparation,B2
presence,B2
principle,B2
print,B2
priority,B2
privacy,B2
procedure,B2
produce,B2
professional,B2
proof,B2
proposal,B2
prospect,B2
protection,B2
psychologist,B2
psychology,B2
publication,B2
pupil,B2
purchase,B2
rank,B2
reach,B2
reduction,B2
regard,B2
register,B2
regret,B2
regulation,B2
relief,B2
remark,B2
representative,B2
reputation,B2
requirement,B2
rescue,B2
reserve,B2
resident,B2
resort,B2
revolution,B2
reward,B2
rhythm,B2
root,B2
round,B2
rubber,B2
rush,B2
satellite,B2
saving,B2
scale,B2
scheme,B2
scream,B2
sector,B2
selection,B2
self,B2
sequence,B2
session,B2
shade,B2
shadow,B2
shame,B2
shelter,B2
shock,B2
shooting,B2
shot,B2
silence,B2
silk,B2
slave,B2
slide,B2
slope,B2
soul,B2
specialist,B2
species,B2
split,B2
sponsor,B2
spread,B2
stand,B2
status,B2
steel,B2
stock,B2
stream,B2
stretch,B2
strike,B2
struggle,B2
sum,B2
surgery,B2
suspect,B2
switch,B2
sympathy,B2
tale,B2
tank,B2
tear,B2
therapy,B2
threat,B2
tone,B2
transfer,B2
transition,B2
trial,B2
trust,B2
try,B2
tune,B2
tunnel,B2
universe,B2
venue,B2
victory,B2
violence,B2
vision,B2
vitamin,B2
volume,B2
wage,B2
weakness,B2
wealth,B2
whisper,B2
wildlife,B2
wire,B2
witness,B2
worse,B2
worst,B2
worth,B2
wound,B2
wrong,B2
zone,B2